{
    "ComponentIconsSize": 1.0,
    "ComponentIconsOffset": 21,
    "ComponentIconsSpacing": 2.0,
    "HierarchyTreeColor": {
        "r": 0.7921568751335144,
        "g": 0.8627451062202454,
        "b": 0.886274516582489,
        "a": 1.0
    },
    "TreeBranchImageType_I": 0,
    "TreeBranchImageType_L": 0,
    "TreeBranchImageType_T": 0,
    "TreeBranchImageType_TerminalBud": 0,
    "TagColor": {
        "r": 0.6745098233222961,
        "g": 0.8705882430076599,
        "b": 0.9372549057006836,
        "a": 1.0
    },
    "TagTextAnchor": 5,
    "TagFontStyle": 3,
    "TagFontSize": 10,
    "LayerColor": {
        "r": 0.6235294342041016,
        "g": 0.658823549747467,
        "b": 0.6705882549285889,
        "a": 1.0
    },
    "LayerTextAnchor": 4,
    "LayerFontStyle": 2,
    "LayerFontSize": 11,
    "TagLayerOffset": 5,
    "TagLayerSpacing": 5,
    "HierarchyLineColor": {
        "r": 0.7686274647712708,
        "g": 0.8980392217636108,
        "b": 0.9450980424880981,
        "a": 0.501960813999176
    },
    "HierarchyLineThickness": 1,
    "FolderDefaultTextColor": {
        "r": 0.8588235378265381,
        "g": 0.9176470637321472,
        "b": 0.9333333373069763,
        "a": 1.0
    },
    "FolderDefaultFontSize": 12,
    "FolderDefaultFontStyle": 0,
    "FolderDefaultImageColor": {
        "r": 0.7686274647712708,
        "g": 0.9058823585510254,
        "b": 0.9529411792755127,
        "a": 0.8627451062202454
    },
    "FolderDefaultImageType": 0,
    "SeparatorDefaultTextColor": {
        "r": 0.886274516582489,
        "g": 0.9411764740943909,
        "b": 0.9607843160629273,
        "a": 1.0
    },
    "SeparatorDefaultIsGradientBackground": true,
    "SeparatorDefaultBackgroundColor": {
        "r": 0.7803921699523926,
        "g": 0.9019607901573181,
        "b": 0.9450980424880981,
        "a": 1.0
    },
    "SeparatorDefaultBackgroundGradient": {
        "serializedVersion": "2",
        "key0": {
            "r": 0.6627451181411743,
            "g": 0.8666666746139526,
            "b": 0.9372549057006836,
            "a": 1.0
        },
        "key1": {
            "r": 0.7411764860153198,
            "g": 0.9058823585510254,
            "b": 0.9607843160629273,
            "a": 0.7843137383460999
        },
        "key2": {
            "r": 0.8627451062202454,
            "g": 0.9647058844566345,
            "b": 1.0,
            "a": 0.47058823704719546
        },
        "key3": {
            "r": 0.8588235378265381,
            "g": 0.9372549057006836,
            "b": 0.9607843160629273,
            "a": 0.3921568691730499
        },
        "key4": {
            "r": 0.0,
            "g": 0.0,
            "b": 0.0,
            "a": 0.0
        },
        "key5": {
            "r": 0.0,
            "g": 0.0,
            "b": 0.0,
            "a": 0.0
        },
        "key6": {
            "r": 0.0,
            "g": 0.0,
            "b": 0.0,
            "a": 0.0
        },
        "key7": {
            "r": 0.0,
            "g": 0.0,
            "b": 0.0,
            "a": 0.0
        },
        "ctime0": 13107,
        "ctime1": 32768,
        "ctime2": 58982,
        "ctime3": 65535,
        "ctime4": 0,
        "ctime5": 0,
        "ctime6": 0,
        "ctime7": 0,
        "atime0": 13107,
        "atime1": 32768,
        "atime2": 58982,
        "atime3": 65535,
        "atime4": 0,
        "atime5": 0,
        "atime6": 0,
        "atime7": 0,
        "m_Mode": 0,
        "m_ColorSpace": -1,
        "m_NumColorKeys": 4,
        "m_NumAlphaKeys": 4
    },
    "SeparatorDefaultFontSize": 13,
    "SeparatorDefaultFontStyle": 2,
    "SeparatorDefaultTextAnchor": 5,
    "SeparatorDefaultImageType": 3,
    "SeparatorLeftSideTextAnchorOffset": 3,
    "SeparatorCenterTextAnchorOffset": -15,
    "SeparatorRightSideTextAnchorOffset": 36,
    "LockColor": {
        "r": 0.7686274647712708,
        "g": 0.8980392217636108,
        "b": 0.9450980424880981,
        "a": 1.0
    },
    "LockTextAnchor": 4,
    "LockFontStyle": 3,
    "LockFontSize": 11
}