{
    "items": [
        {
            "Name": "General",
            "TextColor": {
                "r": 1.0,
                "g": 0.8117647767066956,
                "b": 0.1568627506494522,
                "a": 1.0
            },
            "IsGradientBackground": true,
            "BackgroundColor": {
                "r": 0.7803921699523926,
                "g": 0.9019607901573181,
                "b": 0.9450980424880981,
                "a": 1.0
            },
            "BackgroundGradient": {
                "serializedVersion": "2",
                "key0": {
                    "r": 0.4158286452293396,
                    "g": 0.0,
                    "b": 0.6830188035964966,
                    "a": 1.0
                },
                "key1": {
                    "r": 0.11372549086809159,
                    "g": 0.3137255012989044,
                    "b": 0.5960784554481506,
                    "a": 1.0
                },
                "key2": {
                    "r": 0.11251711845397949,
                    "g": 0.3183610737323761,
                    "b": 0.6003702282905579,
                    "a": 1.0
                },
                "key3": {
                    "r": 0.0,
                    "g": 0.75,
                    "b": 1.0,
                    "a": 1.0
                },
                "key4": {
                    "r": 0.0,
                    "g": 0.0,
                    "b": 0.0,
                    "a": 0.0
                },
                "key5": {
                    "r": 0.0,
                    "g": 0.0,
                    "b": 0.0,
                    "a": 0.0
                },
                "key6": {
                    "r": 0.0,
                    "g": 0.0,
                    "b": 0.0,
                    "a": 0.0
                },
                "key7": {
                    "r": 0.0,
                    "g": 0.0,
                    "b": 0.0,
                    "a": 0.0
                },
                "ctime0": 0,
                "ctime1": 26445,
                "ctime2": 43407,
                "ctime3": 65535,
                "ctime4": 0,
                "ctime5": 0,
                "ctime6": 0,
                "ctime7": 0,
                "atime0": 13107,
                "atime1": 32768,
                "atime2": 59753,
                "atime3": 65535,
                "atime4": 0,
                "atime5": 0,
                "atime6": 0,
                "atime7": 0,
                "m_Mode": 0,
                "m_ColorSpace": -1,
                "m_NumColorKeys": 4,
                "m_NumAlphaKeys": 4
            },
            "FontSize": 12,
            "FontStyle": 1,
            "TextAnchor": 4,
            "ImageType": 3
        },
        {
            "Name": "UI",
            "TextColor": {
                "r": 1.0,
                "g": 0.8117647171020508,
                "b": 0.1568627506494522,
                "a": 1.0
            },
            "IsGradientBackground": true,
            "BackgroundColor": {
                "r": 0.7803921699523926,
                "g": 0.9019607901573181,
                "b": 0.9450980424880981,
                "a": 1.0
            },
            "BackgroundGradient": {
                "serializedVersion": "2",
                "key0": {
                    "r": 0.4158286452293396,
                    "g": 0.0,
                    "b": 0.6830188035964966,
                    "a": 1.0
                },
                "key1": {
                    "r": 0.11372549086809159,
                    "g": 0.3137255012989044,
                    "b": 0.5960784554481506,
                    "a": 1.0
                },
                "key2": {
                    "r": 0.11251711845397949,
                    "g": 0.3183610737323761,
                    "b": 0.6003702282905579,
                    "a": 1.0
                },
                "key3": {
                    "r": 0.0,
                    "g": 0.75,
                    "b": 1.0,
                    "a": 1.0
                },
                "key4": {
                    "r": 0.0,
                    "g": 0.0,
                    "b": 0.0,
                    "a": 0.0
                },
                "key5": {
                    "r": 0.0,
                    "g": 0.0,
                    "b": 0.0,
                    "a": 0.0
                },
                "key6": {
                    "r": 0.0,
                    "g": 0.0,
                    "b": 0.0,
                    "a": 0.0
                },
                "key7": {
                    "r": 0.0,
                    "g": 0.0,
                    "b": 0.0,
                    "a": 0.0
                },
                "ctime0": 0,
                "ctime1": 26445,
                "ctime2": 43407,
                "ctime3": 65535,
                "ctime4": 0,
                "ctime5": 0,
                "ctime6": 0,
                "ctime7": 0,
                "atime0": 13107,
                "atime1": 32768,
                "atime2": 59753,
                "atime3": 65535,
                "atime4": 0,
                "atime5": 0,
                "atime6": 0,
                "atime7": 0,
                "m_Mode": 0,
                "m_ColorSpace": -1,
                "m_NumColorKeys": 4,
                "m_NumAlphaKeys": 4
            },
            "FontSize": 12,
            "FontStyle": 1,
            "TextAnchor": 4,
            "ImageType": 5
        },
        {
            "Name": "Environment",
            "TextColor": {
                "r": 1.0,
                "g": 0.8117647767066956,
                "b": 0.1568627506494522,
                "a": 1.0
            },
            "IsGradientBackground": true,
            "BackgroundColor": {
                "r": 0.7803921699523926,
                "g": 0.9019607901573181,
                "b": 0.9450980424880981,
                "a": 1.0
            },
            "BackgroundGradient": {
                "serializedVersion": "2",
                "key0": {
                    "r": 0.4158286452293396,
                    "g": 0.0,
                    "b": 0.6830188035964966,
                    "a": 1.0
                },
                "key1": {
                    "r": 0.11372549086809159,
                    "g": 0.3137255012989044,
                    "b": 0.5960784554481506,
                    "a": 1.0
                },
                "key2": {
                    "r": 0.11251711845397949,
                    "g": 0.3183610737323761,
                    "b": 0.6003702282905579,
                    "a": 1.0
                },
                "key3": {
                    "r": 0.0,
                    "g": 0.75,
                    "b": 1.0,
                    "a": 1.0
                },
                "key4": {
                    "r": 0.0,
                    "g": 0.0,
                    "b": 0.0,
                    "a": 0.0
                },
                "key5": {
                    "r": 0.0,
                    "g": 0.0,
                    "b": 0.0,
                    "a": 0.0
                },
                "key6": {
                    "r": 0.0,
                    "g": 0.0,
                    "b": 0.0,
                    "a": 0.0
                },
                "key7": {
                    "r": 0.0,
                    "g": 0.0,
                    "b": 0.0,
                    "a": 0.0
                },
                "ctime0": 0,
                "ctime1": 26445,
                "ctime2": 43407,
                "ctime3": 65535,
                "ctime4": 0,
                "ctime5": 0,
                "ctime6": 0,
                "ctime7": 0,
                "atime0": 13107,
                "atime1": 32768,
                "atime2": 59753,
                "atime3": 65535,
                "atime4": 0,
                "atime5": 0,
                "atime6": 0,
                "atime7": 0,
                "m_Mode": 0,